model_name,plant_species,precision,recall,f1_score
mobilenet_121,Anabasis articulata (Forssk.) Moq.,0.6470588235294118,0.14012738853503184,0.23036649214659685
mobilenet_121,Anabasis setifera Moq.,0.1597222222222222,0.3087248322147651,0.21052631578947367
mobilenet_121,Atriplex halimus L.,0.3125,0.35,0.330188679245283
mobilenet_121,Calotropis procera (Aiton) W.T.Aiton,0.7560975609756098,0.14761904761904762,0.24701195219123506
mobilenet_121,Capparis spinosa L.,0.3047619047619048,0.1893491124260355,0.23357664233576642
mobilenet_121,Cebatha pendula (J.R.Forst. & G.Forst.) Kuntze,0.058823529411764705,0.03571428571428571,0.044444444444444446
mobilenet_121,"Cenchrus divisus (J.F.Gmel.) Verloove, Govaerts & Buttler",0.5,0.08235294117647059,0.1414141414141414
mobilenet_121,Deverra tortuosa (Desf.) DC.,0.2,0.046153846153846156,0.075
mobilenet_121,Deverra triradiata Hochst. ex Boiss.,0.10714285714285714,0.1,0.10344827586206896
mobilenet_121,Diplotaxis harra (Forssk.) Boiss.,0.6634615384615384,0.2633587786259542,0.3770491803278688
mobilenet_121,Echinops glaberrimus DC.,0.16071428571428573,0.1956521739130435,0.17647058823529413
mobilenet_121,Ephedra alata Decne.,0.07407407407407407,0.21428571428571427,0.11009174311926606
mobilenet_121,Farsetia aegyptia Turra,0.417910447761194,0.12389380530973451,0.19112627986348124
mobilenet_121,Gymnocarpos decander Forssk.,0.7217391304347827,0.3018181818181818,0.4256410256410256
mobilenet_121,Haloxylon salicornicum (Moq.) Bunge ex Boiss.,0.22448979591836735,0.06790123456790123,0.10426540284360189
mobilenet_121,Heliotropium arbainense Fresen.,0.4489795918367347,0.4036697247706422,0.4251207729468599
mobilenet_121,Iphiona mucronata (Forssk.) Asch. & Schweinf.,0.0,0.0,0.0
mobilenet_121,Limonium pruinosum (L.) Chaz.,0.5,0.34959349593495936,0.41148325358851673
mobilenet_121,Lycium shawii Roem. & Schult.,0.22338568935427575,0.512,0.3110571081409477
mobilenet_121,Nitraria retusa (Forssk.) Asch.,0.3069306930693069,0.12653061224489795,0.1791907514450867
mobilenet_121,Ochradenus baccatus Delile,0.6130198915009042,0.6660117878192534,0.6384180790960452
mobilenet_121,Peganum harmala L.,0.15384615384615385,0.019230769230769232,0.03418803418803419
mobilenet_121,Rumex vesicarius L.,0.45652173913043476,0.10194174757281553,0.16666666666666666
mobilenet_121,Salsola imbricata Forssk.,0.6666666666666666,0.07630522088353414,0.13693693693693693
mobilenet_121,Stachys aegyptiaca Pers.,0.5087719298245614,0.21641791044776118,0.3036649214659686
mobilenet_121,Suaeda aegyptiaca (Hasselq.) Zohary,0.0945945945945946,0.03723404255319149,0.05343511450381679
mobilenet_121,Tamarix nilotica (Ehrenb.) Bunge,0.3076923076923077,0.6744186046511628,0.4225865209471767
mobilenet_121,Trichodesma africanum (L.) Sm.,0.25510204081632654,0.10416666666666667,0.14792899408284024
mobilenet_121,Zilla spinosa (L.) Prantl,0.8511904761904762,0.27552986512524086,0.4163027656477438
mobilenet_121,Zygophyllum arabicum (L.) Christenh. & Byng,0.1165644171779141,0.20430107526881722,0.1484375
mobilenet_121,Zygophyllum coccineum L.,0.06432748538011696,0.23404255319148937,0.10091743119266056
mobilenet_121,Zygophyllum molle (Delile) Christenh. & Byng,0.0,0.0,0.0
mobilenet_121,Average Performance (Macro),0.3398778077340246,0.2052607943350379,0.21552987544715152
mobilenet_122,Anabasis articulata (Forssk.) Moq.,0.6557377049180327,0.12738853503184713,0.21333333333333335
mobilenet_122,Anabasis setifera Moq.,0.16906474820143885,0.31543624161073824,0.22014051522248243
mobilenet_122,Atriplex halimus L.,0.36036036036036034,0.4,0.3791469194312796
mobilenet_122,Calotropis procera (Aiton) W.T.Aiton,0.7659574468085106,0.17142857142857143,0.2801556420233463
mobilenet_122,Capparis spinosa L.,0.3023255813953488,0.23076923076923078,0.26174496644295303
mobilenet_122,Cebatha pendula (J.R.Forst. & G.Forst.) Kuntze,0.0625,0.03571428571428571,0.045454545454545456
mobilenet_122,"Cenchrus divisus (J.F.Gmel.) Verloove, Govaerts & Buttler",0.4666666666666667,0.08235294117647059,0.14
mobilenet_122,Deverra tortuosa (Desf.) DC.,0.2,0.03076923076923077,0.05333333333333334
mobilenet_122,Deverra triradiata Hochst. ex Boiss.,0.11538461538461539,0.1,0.10714285714285714
mobilenet_122,Diplotaxis harra (Forssk.) Boiss.,0.6373626373626373,0.22137404580152673,0.3286118980169972
mobilenet_122,Echinops glaberrimus DC.,0.13725490196078433,0.15217391304347827,0.14432989690721648
mobilenet_122,Ephedra alata Decne.,0.08139534883720931,0.25,0.12280701754385964
mobilenet_122,Farsetia aegyptia Turra,0.40298507462686567,0.11946902654867257,0.18430034129692832
mobilenet_122,Gymnocarpos decander Forssk.,0.6728971962616822,0.26181818181818184,0.3769633507853403
mobilenet_122,Haloxylon salicornicum (Moq.) Bunge ex Boiss.,0.17307692307692307,0.05555555555555555,0.08411214953271028
mobilenet_122,Heliotropium arbainense Fresen.,0.4943820224719101,0.4036697247706422,0.4444444444444444
mobilenet_122,Iphiona mucronata (Forssk.) Asch. & Schweinf.,0.0,0.0,0.0
mobilenet_122,Limonium pruinosum (L.) Chaz.,0.5301204819277109,0.35772357723577236,0.42718446601941745
mobilenet_122,Lycium shawii Roem. & Schult.,0.2116564417177914,0.552,0.30598669623059865
mobilenet_122,Nitraria retusa (Forssk.) Asch.,0.2891566265060241,0.09795918367346938,0.14634146341463414
mobilenet_122,Ochradenus baccatus Delile,0.6290983606557377,0.6031434184675835,0.6158475426278837
mobilenet_122,Peganum harmala L.,0.10526315789473684,0.009615384615384616,0.01762114537444934
mobilenet_122,Rumex vesicarius L.,0.4423076923076923,0.11165048543689321,0.17829457364341086
mobilenet_122,Salsola imbricata Forssk.,0.6129032258064516,0.07630522088353414,0.1357142857142857
mobilenet_122,Stachys aegyptiaca Pers.,0.4307692307692308,0.208955223880597,0.2814070351758794
mobilenet_122,Suaeda aegyptiaca (Hasselq.) Zohary,0.08974358974358974,0.03723404255319149,0.05263157894736842
mobilenet_122,Tamarix nilotica (Ehrenb.) Bunge,0.3447204968944099,0.6453488372093024,0.4493927125506073
mobilenet_122,Trichodesma africanum (L.) Sm.,0.3,0.1375,0.18857142857142858
mobilenet_122,Zilla spinosa (L.) Prantl,0.8522727272727273,0.28901734104046245,0.4316546762589928
mobilenet_122,Zygophyllum arabicum (L.) Christenh. & Byng,0.10975609756097561,0.1935483870967742,0.14007782101167315
mobilenet_122,Zygophyllum coccineum L.,0.05405405405405406,0.2127659574468085,0.08620689655172414
mobilenet_122,Zygophyllum molle (Delile) Christenh. & Byng,0.0,0.0,0.0
mobilenet_122,Average Performance (Macro),0.3343491691076287,0.2028339544868189,0.2138422979063744
mobilenet_123,Anabasis articulata (Forssk.) Moq.,0.6923076923076923,0.14331210191082802,0.23746701846965698
mobilenet_123,Anabasis setifera Moq.,0.15384615384615385,0.33557046979865773,0.2109704641350211
mobilenet_123,Atriplex halimus L.,0.34375,0.44,0.38596491228070173
mobilenet_123,Calotropis procera (Aiton) W.T.Aiton,0.7547169811320755,0.19047619047619047,0.3041825095057034
mobilenet_123,Capparis spinosa L.,0.30344827586206896,0.2603550295857988,0.2802547770700637
mobilenet_123,Cebatha pendula (J.R.Forst. & G.Forst.) Kuntze,0.0684931506849315,0.044642857142857144,0.05405405405405406
mobilenet_123,"Cenchrus divisus (J.F.Gmel.) Verloove, Govaerts & Buttler",0.5333333333333333,0.09411764705882353,0.16
mobilenet_123,Deverra tortuosa (Desf.) DC.,0.1,0.015384615384615385,0.02666666666666667
mobilenet_123,Deverra triradiata Hochst. ex Boiss.,0.13636363636363635,0.1,0.11538461538461539
mobilenet_123,Diplotaxis harra (Forssk.) Boiss.,0.6979166666666666,0.25572519083969464,0.3743016759776536
mobilenet_123,Echinops glaberrimus DC.,0.19148936170212766,0.1956521739130435,0.1935483870967742
mobilenet_123,Ephedra alata Decne.,0.07936507936507936,0.17857142857142858,0.10989010989010989
mobilenet_123,Farsetia aegyptia Turra,0.43661971830985913,0.13716814159292035,0.20875420875420875
mobilenet_123,Gymnocarpos decander Forssk.,0.6952380952380952,0.26545454545454544,0.38421052631578945
mobilenet_123,Haloxylon salicornicum (Moq.) Bunge ex Boiss.,0.19607843137254902,0.06172839506172839,0.09389671361502347
mobilenet_123,Heliotropium arbainense Fresen.,0.5,0.4036697247706422,0.4467005076142132
mobilenet_123,Iphiona mucronata (Forssk.) Asch. & Schweinf.,0.0,0.0,0.0
mobilenet_123,Limonium pruinosum (L.) Chaz.,0.5581395348837209,0.3902439024390244,0.45933014354066987
mobilenet_123,Lycium shawii Roem. & Schult.,0.211864406779661,0.6,0.31315240083507306
mobilenet_123,Nitraria retusa (Forssk.) Asch.,0.25555555555555554,0.09387755102040816,0.1373134328358209
mobilenet_123,Ochradenus baccatus Delile,0.6215722120658135,0.6679764243614931,0.6439393939393939
mobilenet_123,Peganum harmala L.,0.06666666666666667,0.004807692307692308,0.008968609865470852
mobilenet_123,Rumex vesicarius L.,0.4722222222222222,0.0825242718446602,0.14049586776859505
mobilenet_123,Salsola imbricata Forssk.,0.6666666666666666,0.07228915662650602,0.13043478260869565
mobilenet_123,Stachys aegyptiaca Pers.,0.4915254237288136,0.21641791044776118,0.3005181347150259
mobilenet_123,Suaeda aegyptiaca (Hasselq.) Zohary,0.10606060606060606,0.03723404255319149,0.05511811023622047
mobilenet_123,Tamarix nilotica (Ehrenb.) Bunge,0.3576158940397351,0.627906976744186,0.45569620253164556
mobilenet_123,Trichodesma africanum (L.) Sm.,0.2463768115942029,0.14166666666666666,0.17989417989417988
mobilenet_123,Zilla spinosa (L.) Prantl,0.8324607329842932,0.3063583815028902,0.447887323943662
mobilenet_123,Zygophyllum arabicum (L.) Christenh. & Byng,0.1144578313253012,0.20430107526881722,0.14671814671814673
mobilenet_123,Zygophyllum coccineum L.,0.054455445544554455,0.23404255319148937,0.08835341365461848
mobilenet_123,Zygophyllum molle (Delile) Christenh. & Byng,0.0,0.0,0.0
mobilenet_123,Average Performance (Macro),0.3418314558219401,0.21254609739176752,0.22168960280992106
mobilenet_124,Anabasis articulata (Forssk.) Moq.,0.6285714285714286,0.14012738853503184,0.22916666666666666
mobilenet_124,Anabasis setifera Moq.,0.16778523489932887,0.33557046979865773,0.22371364653243847
mobilenet_124,Atriplex halimus L.,0.3739130434782609,0.43,0.4
mobilenet_124,Calotropis procera (Aiton) W.T.Aiton,0.7096774193548387,0.20952380952380953,0.3235294117647059
mobilenet_124,Capparis spinosa L.,0.3333333333333333,0.24260355029585798,0.2808219178082192
mobilenet_124,Cebatha pendula (J.R.Forst. & G.Forst.) Kuntze,0.06451612903225806,0.03571428571428571,0.04597701149425287
mobilenet_124,"Cenchrus divisus (J.F.Gmel.) Verloove, Govaerts & Buttler",0.5,0.08235294117647059,0.1414141414141414
mobilenet_124,Deverra tortuosa (Desf.) DC.,0.18181818181818182,0.03076923076923077,0.05263157894736842
mobilenet_124,Deverra triradiata Hochst. ex Boiss.,0.14285714285714285,0.1,0.11764705882352941
mobilenet_124,Diplotaxis harra (Forssk.) Boiss.,0.6770833333333334,0.2480916030534351,0.36312849162011174
mobilenet_124,Echinops glaberrimus DC.,0.13636363636363635,0.1956521739130435,0.16071428571428573
mobilenet_124,Ephedra alata Decne.,0.0684931506849315,0.17857142857142858,0.09900990099009901
mobilenet_124,Farsetia aegyptia Turra,0.4225352112676056,0.13274336283185842,0.20202020202020202
mobilenet_124,Gymnocarpos decander Forssk.,0.6638655462184874,0.2872727272727273,0.4010152284263959
mobilenet_124,Haloxylon salicornicum (Moq.) Bunge ex Boiss.,0.19672131147540983,0.07407407407407407,0.10762331838565023
mobilenet_124,Heliotropium arbainense Fresen.,0.4188034188034188,0.44954128440366975,0.4336283185840708
mobilenet_124,Iphiona mucronata (Forssk.) Asch. & Schweinf.,0.0,0.0,0.0
mobilenet_124,Limonium pruinosum (L.) Chaz.,0.49074074074074076,0.43089430894308944,0.4588744588744589
mobilenet_124,Lycium shawii Roem. & Schult.,0.23426573426573427,0.536,0.3260340632603406
mobilenet_124,Nitraria retusa (Forssk.) Asch.,0.33620689655172414,0.15918367346938775,0.21606648199445982
mobilenet_124,Ochradenus baccatus Delile,0.6091549295774648,0.6797642436149313,0.6425255338904364
mobilenet_124,Peganum harmala L.,0.10714285714285714,0.014423076923076924,0.025423728813559324
mobilenet_124,Rumex vesicarius L.,0.4666666666666667,0.10194174757281553,0.16733067729083664
mobilenet_124,Salsola imbricata Forssk.,0.6724137931034483,0.0783132530120482,0.14028776978417265
mobilenet_124,Stachys aegyptiaca Pers.,0.5087719298245614,0.21641791044776118,0.3036649214659686
mobilenet_124,Suaeda aegyptiaca (Hasselq.) Zohary,0.1,0.0425531914893617,0.05970149253731343
mobilenet_124,Tamarix nilotica (Ehrenb.) Bunge,0.32075471698113206,0.6918604651162791,0.43830570902394106
mobilenet_124,Trichodesma africanum (L.) Sm.,0.2727272727272727,0.1125,0.1592920353982301
mobilenet_124,Zilla spinosa (L.) Prantl,0.8195876288659794,0.3063583815028902,0.44600280504908835
mobilenet_124,Zygophyllum arabicum (L.) Christenh. & Byng,0.12048192771084337,0.21505376344086022,0.15444015444015444
mobilenet_124,Zygophyllum coccineum L.,0.06802721088435375,0.2127659574468085,0.10309278350515463
mobilenet_124,Zygophyllum molle (Delile) Christenh. & Byng,0.0,0.0,0.0
mobilenet_124,Average Performance (Macro),0.33791499457919927,0.21783244696602788,0.2257213685787579
mobilenet_125,Anabasis articulata (Forssk.) Moq.,0.6029411764705882,0.1305732484076433,0.21465968586387435
mobilenet_125,Anabasis setifera Moq.,0.1875,0.3221476510067114,0.23703703703703705
mobilenet_125,Atriplex halimus L.,0.3333333333333333,0.42,0.37168141592920356
mobilenet_125,Calotropis procera (Aiton) W.T.Aiton,0.7090909090909091,0.18571428571428572,0.2943396226415094
mobilenet_125,Capparis spinosa L.,0.2743362831858407,0.1834319526627219,0.2198581560283688
mobilenet_125,Cebatha pendula (J.R.Forst. & G.Forst.) Kuntze,0.07936507936507936,0.044642857142857144,0.05714285714285714
mobilenet_125,"Cenchrus divisus (J.F.Gmel.) Verloove, Govaerts & Buttler",0.5384615384615384,0.08235294117647059,0.14285714285714285
mobilenet_125,Deverra tortuosa (Desf.) DC.,0.08333333333333333,0.015384615384615385,0.025974025974025976
mobilenet_125,Deverra triradiata Hochst. ex Boiss.,0.12121212121212122,0.13333333333333333,0.12698412698412698
mobilenet_125,Diplotaxis harra (Forssk.) Boiss.,0.6770833333333334,0.2480916030534351,0.36312849162011174
mobilenet_125,Echinops glaberrimus DC.,0.14285714285714285,0.17391304347826086,0.1568627450980392
mobilenet_125,Ephedra alata Decne.,0.07792207792207792,0.21428571428571427,0.11428571428571428
mobilenet_125,Farsetia aegyptia Turra,0.39080459770114945,0.1504424778761062,0.21725239616613418
mobilenet_125,Gymnocarpos decander Forssk.,0.6260869565217392,0.26181818181818184,0.36923076923076925
mobilenet_125,Haloxylon salicornicum (Moq.) Bunge ex Boiss.,0.203125,0.08024691358024691,0.11504424778761062
mobilenet_125,Heliotropium arbainense Fresen.,0.45535714285714285,0.46788990825688076,0.46153846153846156
mobilenet_125,Iphiona mucronata (Forssk.) Asch. & Schweinf.,0.0,0.0,0.0
mobilenet_125,Limonium pruinosum (L.) Chaz.,0.5048543689320388,0.42276422764227645,0.46017699115044247
mobilenet_125,Lycium shawii Roem. & Schult.,0.22764227642276422,0.56,0.3236994219653179
mobilenet_125,Nitraria retusa (Forssk.) Asch.,0.3333333333333333,0.16326530612244897,0.2191780821917808
mobilenet_125,Ochradenus baccatus Delile,0.6174863387978142,0.6660117878192534,0.6408317580340265
mobilenet_125,Peganum harmala L.,0.10344827586206896,0.014423076923076924,0.02531645569620253
mobilenet_125,Rumex vesicarius L.,0.4222222222222222,0.09223300970873786,0.15139442231075698
mobilenet_125,Salsola imbricata Forssk.,0.6,0.04819277108433735,0.08921933085501858
mobilenet_125,Stachys aegyptiaca Pers.,0.47692307692307695,0.23134328358208955,0.31155778894472363
mobilenet_125,Suaeda aegyptiaca (Hasselq.) Zohary,0.11458333333333333,0.05851063829787234,0.07746478873239436
mobilenet_125,Tamarix nilotica (Ehrenb.) Bunge,0.3575949367088608,0.6569767441860465,0.46311475409836067
mobilenet_125,Trichodesma africanum (L.) Sm.,0.27,0.1125,0.1588235294117647
mobilenet_125,Zilla spinosa (L.) Prantl,0.8657718120805369,0.24855491329479767,0.38622754491017963
mobilenet_125,Zygophyllum arabicum (L.) Christenh. & Byng,0.14166666666666666,0.1827956989247312,0.1596244131455399
mobilenet_125,Zygophyllum coccineum L.,0.06666666666666667,0.2127659574468085,0.10152284263959391
mobilenet_125,Zygophyllum molle (Delile) Christenh. & Byng,0.0,0.0,0.0
mobilenet_125,Average Performance (Macro),0.33140635417483477,0.21201894194406068,0.22050090688347154
mobilenet_126,Anabasis articulata (Forssk.) Moq.,0.6,0.1337579617834395,0.21875
mobilenet_126,Anabasis setifera Moq.,0.17,0.3422818791946309,0.22717149220489977
mobilenet_126,Atriplex halimus L.,0.2857142857142857,0.42,0.340080971659919
mobilenet_126,Calotropis procera (Aiton) W.T.Aiton,0.6825396825396826,0.20476190476190476,0.315018315018315
mobilenet_126,Capparis spinosa L.,0.26811594202898553,0.21893491124260356,0.24104234527687296
mobilenet_126,Cebatha pendula (J.R.Forst. & G.Forst.) Kuntze,0.08571428571428572,0.05357142857142857,0.06593406593406594
mobilenet_126,"Cenchrus divisus (J.F.Gmel.) Verloove, Govaerts & Buttler",0.4666666666666667,0.08235294117647059,0.14
mobilenet_126,Deverra tortuosa (Desf.) DC.,0.3,0.09230769230769231,0.1411764705882353
mobilenet_126,Deverra triradiata Hochst. ex Boiss.,0.0967741935483871,0.1,0.09836065573770492
mobilenet_126,Diplotaxis harra (Forssk.) Boiss.,0.6153846153846154,0.2748091603053435,0.37994722955145116
mobilenet_126,Echinops glaberrimus DC.,0.14545454545454545,0.17391304347826086,0.15841584158415842
mobilenet_126,Ephedra alata Decne.,0.07777777777777778,0.25,0.11864406779661017
mobilenet_126,Farsetia aegyptia Turra,0.40425531914893614,0.168141592920354,0.2375
mobilenet_126,Gymnocarpos decander Forssk.,0.7263157894736842,0.2509090909090909,0.372972972972973
mobilenet_126,Haloxylon salicornicum (Moq.) Bunge ex Boiss.,0.17391304347826086,0.09876543209876543,0.12598425196850394
mobilenet_126,Heliotropium arbainense Fresen.,0.4649122807017544,0.48623853211009177,0.47533632286995514
mobilenet_126,Iphiona mucronata (Forssk.) Asch. & Schweinf.,0.0,0.0,0.0
mobilenet_126,Limonium pruinosum (L.) Chaz.,0.5384615384615384,0.45528455284552843,0.4933920704845815
mobilenet_126,Lycium shawii Roem. & Schult.,0.2616033755274262,0.496,0.3425414364640884
mobilenet_126,Nitraria retusa (Forssk.) Asch.,0.27472527472527475,0.10204081632653061,0.1488095238095238
mobilenet_126,Ochradenus baccatus Delile,0.6086956521739131,0.68762278978389,0.6457564575645757
mobilenet_126,Peganum harmala L.,0.13793103448275862,0.019230769230769232,0.03375527426160337
mobilenet_126,Rumex vesicarius L.,0.4375,0.16990291262135923,0.24475524475524477
mobilenet_126,Salsola imbricata Forssk.,0.6181818181818182,0.06827309236947791,0.12296564195298372
mobilenet_126,Stachys aegyptiaca Pers.,0.5625,0.20149253731343283,0.2967032967032967
mobilenet_126,Suaeda aegyptiaca (Hasselq.) Zohary,0.125,0.06382978723404255,0.08450704225352113
mobilenet_126,Tamarix nilotica (Ehrenb.) Bunge,0.3708609271523179,0.6511627906976745,0.47257383966244726
mobilenet_126,Trichodesma africanum (L.) Sm.,0.3076923076923077,0.11666666666666667,0.1691842900302115
mobilenet_126,Zilla spinosa (L.) Prantl,0.8268156424581006,0.28516377649325625,0.42406876790830944
mobilenet_126,Zygophyllum arabicum (L.) Christenh. & Byng,0.12666666666666668,0.20430107526881722,0.15637860082304528
mobilenet_126,Zygophyllum coccineum L.,0.0684931506849315,0.2127659574468085,0.10362694300518134
mobilenet_126,Zygophyllum molle (Delile) Christenh. & Byng,0.0,0.0,0.0
mobilenet_126,Average Performance (Macro),0.3383958067449663,0.22139009672369783,0.23110479477632123
mobilenet_127,Anabasis articulata (Forssk.) Moq.,0.6388888888888888,0.1464968152866242,0.23834196891191708
mobilenet_127,Anabasis setifera Moq.,0.17667844522968199,0.33557046979865773,0.23148148148148148
mobilenet_127,Atriplex halimus L.,0.31756756756756754,0.47,0.3790322580645161
mobilenet_127,Calotropis procera (Aiton) W.T.Aiton,0.7164179104477612,0.22857142857142856,0.34657039711191334
mobilenet_127,Capparis spinosa L.,0.2679738562091503,0.24260355029585798,0.2546583850931677
mobilenet_127,Cebatha pendula (J.R.Forst. & G.Forst.) Kuntze,0.09230769230769231,0.05357142857142857,0.06779661016949153
mobilenet_127,"Cenchrus divisus (J.F.Gmel.) Verloove, Govaerts & Buttler",0.47058823529411764,0.09411764705882353,0.1568627450980392
mobilenet_127,Deverra tortuosa (Desf.) DC.,0.26666666666666666,0.06153846153846154,0.1
mobilenet_127,Deverra triradiata Hochst. ex Boiss.,0.10714285714285714,0.1,0.10344827586206896
mobilenet_127,Diplotaxis harra (Forssk.) Boiss.,0.6415094339622641,0.2595419847328244,0.3695652173913043
mobilenet_127,Echinops glaberrimus DC.,0.14705882352941177,0.21739130434782608,0.17543859649122806
mobilenet_127,Ephedra alata Decne.,0.06172839506172839,0.17857142857142858,0.09174311926605505
mobilenet_127,Farsetia aegyptia Turra,0.42391304347826086,0.17256637168141592,0.24528301886792453
mobilenet_127,Gymnocarpos decander Forssk.,0.656934306569343,0.32727272727272727,0.4368932038834951
mobilenet_127,Haloxylon salicornicum (Moq.) Bunge ex Boiss.,0.15584415584415584,0.07407407407407407,0.100418410041841
mobilenet_127,Heliotropium arbainense Fresen.,0.4375,0.44954128440366975,0.4434389140271493
mobilenet_127,Iphiona mucronata (Forssk.) Asch. & Schweinf.,0.0,0.0,0.0
mobilenet_127,Limonium pruinosum (L.) Chaz.,0.5360824742268041,0.42276422764227645,0.4727272727272727
mobilenet_127,Lycium shawii Roem. & Schult.,0.23118279569892472,0.516,0.3193069306930693
mobilenet_127,Nitraria retusa (Forssk.) Asch.,0.2857142857142857,0.1469387755102041,0.1940700808625337
mobilenet_127,Ochradenus baccatus Delile,0.6116838487972509,0.6994106090373281,0.6526122823098075
mobilenet_127,Peganum harmala L.,0.1111111111111111,0.009615384615384616,0.017699115044247787
mobilenet_127,Rumex vesicarius L.,0.515625,0.16019417475728157,0.24444444444444444
mobilenet_127,Salsola imbricata Forssk.,0.6530612244897959,0.0642570281124498,0.1170018281535649
mobilenet_127,Stachys aegyptiaca Pers.,0.5370370370370371,0.21641791044776118,0.30851063829787234
mobilenet_127,Suaeda aegyptiaca (Hasselq.) Zohary,0.09195402298850575,0.0425531914893617,0.05818181818181818
mobilenet_127,Tamarix nilotica (Ehrenb.) Bunge,0.34,0.6918604651162791,0.4559386973180077
mobilenet_127,Trichodesma africanum (L.) Sm.,0.29927007299270075,0.17083333333333334,0.21750663129973474
mobilenet_127,Zilla spinosa (L.) Prantl,0.8465608465608465,0.30828516377649323,0.4519774011299435
mobilenet_127,Zygophyllum arabicum (L.) Christenh. & Byng,0.12878787878787878,0.1827956989247312,0.1511111111111111
mobilenet_127,Zygophyllum coccineum L.,0.07194244604316546,0.2127659574468085,0.10752688172043011
mobilenet_127,Zygophyllum molle (Delile) Christenh. & Byng,0.0,0.0,0.0
mobilenet_127,Average Performance (Macro),0.33871041633274546,0.22675377801296692,0.23467461672048284
mobilenet_128,Anabasis articulata (Forssk.) Moq.,0.6417910447761194,0.13694267515923567,0.22572178477690288
mobilenet_128,Anabasis setifera Moq.,0.18345323741007194,0.3422818791946309,0.2388758782201405
mobilenet_128,Atriplex halimus L.,0.3482142857142857,0.39,0.36792452830188677
mobilenet_128,Calotropis procera (Aiton) W.T.Aiton,0.6666666666666666,0.1619047619047619,0.26053639846743293
mobilenet_128,Capparis spinosa L.,0.3064516129032258,0.22485207100591717,0.2593856655290102
mobilenet_128,Cebatha pendula (J.R.Forst. & G.Forst.) Kuntze,0.078125,0.044642857142857144,0.056818181818181816
mobilenet_128,"Cenchrus divisus (J.F.Gmel.) Verloove, Govaerts & Buttler",0.6,0.10588235294117647,0.18
mobilenet_128,Deverra tortuosa (Desf.) DC.,0.2857142857142857,0.06153846153846154,0.10126582278481013
mobilenet_128,Deverra triradiata Hochst. ex Boiss.,0.1111111111111111,0.1,0.10526315789473684
mobilenet_128,Diplotaxis harra (Forssk.) Boiss.,0.6310679611650486,0.2480916030534351,0.3561643835616438
mobilenet_128,Echinops glaberrimus DC.,0.15,0.1956521739130435,0.16981132075471697
mobilenet_128,Ephedra alata Decne.,0.09210526315789473,0.25,0.1346153846153846
mobilenet_128,Farsetia aegyptia Turra,0.4266666666666667,0.1415929203539823,0.21262458471760798
mobilenet_128,Gymnocarpos decander Forssk.,0.6475409836065574,0.2872727272727273,0.3979848866498741
mobilenet_128,Haloxylon salicornicum (Moq.) Bunge ex Boiss.,0.18333333333333332,0.06790123456790123,0.0990990990990991
mobilenet_128,Heliotropium arbainense Fresen.,0.4787234042553192,0.41284403669724773,0.4433497536945813
mobilenet_128,Iphiona mucronata (Forssk.) Asch. & Schweinf.,0.0,0.0,0.0
mobilenet_128,Limonium pruinosum (L.) Chaz.,0.5673076923076923,0.4796747967479675,0.5198237885462555
mobilenet_128,Lycium shawii Roem. & Schult.,0.24293785310734464,0.516,0.33034571062740076
mobilenet_128,Nitraria retusa (Forssk.) Asch.,0.30337078651685395,0.11020408163265306,0.16167664670658682
mobilenet_128,Ochradenus baccatus Delile,0.6162162162162163,0.6719056974459725,0.6428571428571429
mobilenet_128,Peganum harmala L.,0.09523809523809523,0.009615384615384616,0.017467248908296942
mobilenet_128,Rumex vesicarius L.,0.45,0.13106796116504854,0.20300751879699247
mobilenet_128,Salsola imbricata Forssk.,0.62,0.06224899598393574,0.11313868613138686
mobilenet_128,Stachys aegyptiaca Pers.,0.5625,0.20149253731343283,0.2967032967032967
mobilenet_128,Suaeda aegyptiaca (Hasselq.) Zohary,0.10975609756097561,0.047872340425531915,0.06666666666666667
mobilenet_128,Tamarix nilotica (Ehrenb.) Bunge,0.3303030303030303,0.6337209302325582,0.4342629482071713
mobilenet_128,Trichodesma africanum (L.) Sm.,0.3017241379310345,0.14583333333333334,0.19662921348314608
mobilenet_128,Zilla spinosa (L.) Prantl,0.825,0.3179190751445087,0.45897079276773295
mobilenet_128,Zygophyllum arabicum (L.) Christenh. & Byng,0.10975609756097561,0.1935483870967742,0.14007782101167315
mobilenet_128,Zygophyllum coccineum L.,0.05917159763313609,0.2127659574468085,0.09259259259259259
mobilenet_128,Zygophyllum molle (Delile) Christenh. & Byng,0.0,0.0,0.0
mobilenet_128,Average Performance (Macro),0.3445077019017482,0.21578966354154022,0.22761440327788598
mobilenet_129,Anabasis articulata (Forssk.) Moq.,0.6727272727272727,0.1178343949044586,0.2005420054200542
mobilenet_129,Anabasis setifera Moq.,0.17275747508305647,0.348993288590604,0.2311111111111111
mobilenet_129,Atriplex halimus L.,0.36923076923076925,0.48,0.41739130434782606
mobilenet_129,Calotropis procera (Aiton) W.T.Aiton,0.6785714285714286,0.18095238095238095,0.2857142857142857
mobilenet_129,Capparis spinosa L.,0.2781456953642384,0.2485207100591716,0.2625
mobilenet_129,Cebatha pendula (J.R.Forst. & G.Forst.) Kuntze,0.07547169811320754,0.03571428571428571,0.048484848484848485
mobilenet_129,"Cenchrus divisus (J.F.Gmel.) Verloove, Govaerts & Buttler",0.5,0.08235294117647059,0.1414141414141414
mobilenet_129,Deverra tortuosa (Desf.) DC.,0.18181818181818182,0.03076923076923077,0.05263157894736842
mobilenet_129,Deverra triradiata Hochst. ex Boiss.,0.12,0.1,0.10909090909090909
mobilenet_129,Diplotaxis harra (Forssk.) Boiss.,0.6355140186915887,0.2595419847328244,0.3685636856368564
mobilenet_129,Echinops glaberrimus DC.,0.10869565217391304,0.10869565217391304,0.10869565217391304
mobilenet_129,Ephedra alata Decne.,0.09523809523809523,0.2857142857142857,0.14285714285714285
mobilenet_129,Farsetia aegyptia Turra,0.4470588235294118,0.168141592920354,0.24437299035369775
mobilenet_129,Gymnocarpos decander Forssk.,0.6578947368421053,0.2727272727272727,0.3856041131105398
mobilenet_129,Haloxylon salicornicum (Moq.) Bunge ex Boiss.,0.1346153846153846,0.043209876543209874,0.06542056074766354
mobilenet_129,Heliotropium arbainense Fresen.,0.46,0.42201834862385323,0.44019138755980863
mobilenet_129,Iphiona mucronata (Forssk.) Asch. & Schweinf.,0.0,0.0,0.0
mobilenet_129,Limonium pruinosum (L.) Chaz.,0.5684210526315789,0.43902439024390244,0.4954128440366973
mobilenet_129,Lycium shawii Roem. & Schult.,0.24259259259259258,0.524,0.33164556962025316
mobilenet_129,Nitraria retusa (Forssk.) Asch.,0.26262626262626265,0.10612244897959183,0.1511627906976744
mobilenet_129,Ochradenus baccatus Delile,0.624031007751938,0.6326129666011788,0.6282926829268293
mobilenet_129,Peganum harmala L.,0.14285714285714285,0.009615384615384616,0.018018018018018018
mobilenet_129,Rumex vesicarius L.,0.4461538461538462,0.1407766990291262,0.2140221402214022
mobilenet_129,Salsola imbricata Forssk.,0.64,0.0642570281124498,0.11678832116788321
mobilenet_129,Stachys aegyptiaca Pers.,0.5178571428571429,0.21641791044776118,0.30526315789473685
mobilenet_129,Suaeda aegyptiaca (Hasselq.) Zohary,0.10526315789473684,0.0425531914893617,0.06060606060606061
mobilenet_129,Tamarix nilotica (Ehrenb.) Bunge,0.33430232558139533,0.6686046511627907,0.44573643410852715
mobilenet_129,Trichodesma africanum (L.) Sm.,0.2711864406779661,0.13333333333333333,0.1787709497206704
mobilenet_129,Zilla spinosa (L.) Prantl,0.8465608465608465,0.30828516377649323,0.4519774011299435
mobilenet_129,Zygophyllum arabicum (L.) Christenh. & Byng,0.13114754098360656,0.17204301075268819,0.14883720930232558
mobilenet_129,Zygophyllum coccineum L.,0.0658682634730539,0.23404255319148937,0.102803738317757
mobilenet_129,Zygophyllum molle (Delile) Christenh. & Byng,0.0,0.0,0.0
mobilenet_129,Average Performance (Macro),0.33708146420752383,0.21490234304180833,0.22356009483559205
mobilenet_130,Anabasis articulata (Forssk.) Moq.,0.6935483870967742,0.13694267515923567,0.22872340425531915
mobilenet_130,Anabasis setifera Moq.,0.18275862068965518,0.35570469798657717,0.24145785876993167
mobilenet_130,Atriplex halimus L.,0.2907801418439716,0.41,0.34024896265560167
mobilenet_130,Calotropis procera (Aiton) W.T.Aiton,0.7333333333333333,0.20952380952380953,0.32592592592592595
mobilenet_130,Capparis spinosa L.,0.27976190476190477,0.2781065088757396,0.2789317507418398
mobilenet_130,Cebatha pendula (J.R.Forst. & G.Forst.) Kuntze,0.08571428571428572,0.05357142857142857,0.06593406593406594
mobilenet_130,"Cenchrus divisus (J.F.Gmel.) Verloove, Govaerts & Buttler",0.5,0.09411764705882353,0.15841584158415842
mobilenet_130,Deverra tortuosa (Desf.) DC.,0.23076923076923078,0.046153846153846156,0.07692307692307693
mobilenet_130,Deverra triradiata Hochst. ex Boiss.,0.14814814814814814,0.13333333333333333,0.14035087719298245
mobilenet_130,Diplotaxis harra (Forssk.) Boiss.,0.6813186813186813,0.2366412213740458,0.35127478753541075
mobilenet_130,Echinops glaberrimus DC.,0.14814814814814814,0.17391304347826086,0.16
mobilenet_130,Ephedra alata Decne.,0.07142857142857142,0.17857142857142858,0.10204081632653061
mobilenet_130,Farsetia aegyptia Turra,0.43902439024390244,0.1592920353982301,0.23376623376623376
mobilenet_130,Gymnocarpos decander Forssk.,0.6831683168316832,0.2509090909090909,0.3670212765957447
mobilenet_130,Haloxylon salicornicum (Moq.) Bunge ex Boiss.,0.17857142857142858,0.06172839506172839,0.09174311926605505
mobilenet_130,Heliotropium arbainense Fresen.,0.4411764705882353,0.41284403669724773,0.4265402843601896
mobilenet_130,Iphiona mucronata (Forssk.) Asch. & Schweinf.,0.0,0.0,0.0
mobilenet_130,Limonium pruinosum (L.) Chaz.,0.5384615384615384,0.3983739837398374,0.45794392523364486
mobilenet_130,Lycium shawii Roem. & Schult.,0.23618090452261306,0.564,0.33293978748524206
mobilenet_130,Nitraria retusa (Forssk.) Asch.,0.24561403508771928,0.11428571428571428,0.15598885793871867
mobilenet_130,Ochradenus baccatus Delile,0.5892857142857143,0.7131630648330058,0.6453333333333333
mobilenet_130,Peganum harmala L.,0.18181818181818182,0.009615384615384616,0.0182648401826484
mobilenet_130,Rumex vesicarius L.,0.5348837209302325,0.11165048543689321,0.18473895582329317
mobilenet_130,Salsola imbricata Forssk.,0.6595744680851063,0.06224899598393574,0.11376146788990826
mobilenet_130,Stachys aegyptiaca Pers.,0.5192307692307693,0.20149253731343283,0.2903225806451613
mobilenet_130,Suaeda aegyptiaca (Hasselq.) Zohary,0.11940298507462686,0.0425531914893617,0.06274509803921569
mobilenet_130,Tamarix nilotica (Ehrenb.) Bunge,0.3466666666666667,0.6046511627906976,0.4406779661016949
mobilenet_130,Trichodesma africanum (L.) Sm.,0.2923076923076923,0.15833333333333333,0.20540540540540542
mobilenet_130,Zilla spinosa (L.) Prantl,0.8418079096045198,0.28709055876685935,0.4281609195402299
mobilenet_130,Zygophyllum arabicum (L.) Christenh. & Byng,0.09659090909090909,0.1827956989247312,0.12639405204460966
mobilenet_130,Zygophyllum coccineum L.,0.06134969325153374,0.2127659574468085,0.09523809523809523
mobilenet_130,Zygophyllum molle (Delile) Christenh. & Byng,0.0,0.0,0.0
mobilenet_130,Average Performance (Macro),0.34533828899705554,0.21419916459727567,0.22335042396044585
