Model,Train & Test,Accuracy (micro),Precision (macro),Recall (macro),F1 (macro),Loss,Class_weights,Best_class,Median_class,Worst_class,num_classes_above_f1_macro_avg,num_classes_above_f1_macro_median,Time Taken (mins),Epoch,Stage,SummaryType
mobilenetv2_stageA,Train,50.10942179221377,46.722618793392336,50.18741392500077,47.528476866459485,1.986714335107013,inverse_frequency,Ephedra alata Decne.,Zygophyllum arabicum (L.) Christenh. & Byng,Deverra tortuosa (Desf.) DC.,15,16,16.182514798641204,1,stageA,Train
mobilenetv2_stageA,Train,64.97926744989634,61.16451085537945,67.01489692882515,63.069830792072835,1.2566266369424473,inverse_frequency,Calotropis procera,Anabasis setifera Moq.,Deverra tortuosa (Desf.) DC.,16,16,16.674420865376792,2,stageA,Train
mobilenetv2_stageA,Train,68.279198341396,64.85546823762847,70.54427639800018,66.84717255265734,1.0870313331018275,inverse_frequency,Calotropis procera,Suaeda aegyptiaca (Hasselq.) Zohary,Deverra tortuosa (Desf.) DC.,15,16,16.751032865047456,3,stageA,Train
mobilenetv2_stageA,Train,70.59433310297166,67.24480505238401,72.86141869726659,69.29098770106455,0.9923729523879168,inverse_frequency,Calotropis procera,Atriplex halimus L.,Deverra tortuosa (Desf.) DC.,16,16,17.183423153559367,4,stageA,Train
mobilenetv2_stageA,Train,72.356599861783,69.0745212972443,74.66098138709685,71.13352892706648,0.9261523265096584,inverse_frequency,Calotropis procera,Atriplex halimus L.,Deverra tortuosa (Desf.) DC.,15,16,16.60783748626709,5,stageA,Train
mobilenetv2_stageA,Train,72.15503340244183,68.87297462282395,74.23787536305704,70.87949113579873,0.9035458390225364,inverse_frequency,Calotropis procera,Salsola sp,Deverra tortuosa (Desf.) DC.,15,16,17.081746451059978,6,stageA,Train
mobilenetv2_stageA,Train,72.42570836212855,69.59426055719756,74.95711060058346,71.57806088836102,0.8685156386860168,inverse_frequency,Calotropis procera,Salsola sp,Deverra tortuosa (Desf.) DC.,14,16,21.068275447686514,7,stageA,Train
mobilenetv2_stageA,Train,73.31835982492514,70.22344856322374,75.66018488719283,72.27302304530147,0.838135223334885,inverse_frequency,Calotropis procera,Cebatha pendula (J.R.Forst. & G.Forst.) Kuntze,Deverra tortuosa (Desf.) DC.,13,16,19.20974781513214,8,stageA,Train
mobilenetv2_stageA,Train,74.06127620363972,71.11964067438178,76.4234566125739,73.10991299562679,0.821878539319416,inverse_frequency,Rumex vesicarius L.,Anabasis setifera Moq.,Iphiona mucronata (Forssk.) Asch. & Schweinf.,15,16,19.60153445402781,9,stageA,Train
mobilenetv2_stageA,Train,74.05551716194425,71.18241790073174,76.25536124803563,73.11594822920806,0.8209447747655556,inverse_frequency,Calotropis procera,Zygophyllum arabicum (L.) Christenh. & Byng,Deverra tortuosa (Desf.) DC.,14,16,20.04339359998703,10,stageA,Train
mobilenetv2_stageA,Train,74.30315595484912,71.55182803862063,76.7930381650528,73.56656323374592,0.7951848317026873,inverse_frequency,Peganum harmala L.,Anabasis articulata (Forssk.) Moq.,Deverra tortuosa (Desf.) DC.,14,16,17.82827343146006,11,stageA,Train
mobilenetv2_stageA,Train,75.17853029255932,72.55267453409698,77.57624803178345,74.48114139726357,0.7733089493014755,inverse_frequency,Calotropis procera,Anabasis setifera Moq.,Deverra tortuosa (Desf.) DC.,14,16,21.284807717800145,12,stageA,Train
mobilenetv2_stageA,Train,74.91937341626354,72.14768336871117,77.4891968787144,74.22037604173816,0.7716948345550516,inverse_frequency,Calotropis procera,Anabasis setifera Moq.,Deverra tortuosa (Desf.) DC.,15,16,21.611269183953603,13,stageA,Train
mobilenetv2_stageA,Train,75.13245795899563,72.6389869907268,77.6701044811007,74.58091612823982,0.7582258821137483,inverse_frequency,Calotropis procera,Salsola sp,Deverra tortuosa (Desf.) DC.,14,16,22.65548926591873,14,stageA,Train
mobilenetv2_stageA,Train,75.46072333563696,72.82159469960958,78.00583033823233,74.8702842542107,0.7478868912761383,inverse_frequency,Calotropis procera,Atriplex halimus L.,Deverra tortuosa (Desf.) DC.,14,16,22.19182508389155,15,stageA,Train
mobilenetv2_stageA,Train,75.58166321124165,72.71465933467319,78.06050038929061,74.77689561966481,0.7536334957975489,inverse_frequency,Calotropis procera,Anabasis setifera Moq.,Deverra tortuosa (Desf.) DC.,15,16,21.5367334485054,16,stageA,Train
mobilenetv2_stageA,Train,74.925132457959,72.31956170245192,77.52813733716054,74.27772809081102,0.7508782708732682,inverse_frequency,Calotropis procera,Anabasis setifera Moq.,Deverra tortuosa (Desf.) DC.,15,16,21.085231852531432,17,stageA,Train
mobilenetv2_stageA,Train,76.01935038009675,73.14344028138409,78.23024281614971,75.13354188258752,0.7444697322382233,inverse_frequency,Rumex vesicarius L.,Anabasis setifera Moq.,Deverra tortuosa (Desf.) DC.,16,16,20.3924698193868,18,stageA,Train
mobilenetv2_stageA,Train,75.83506104584197,73.21815602516573,78.40704900556476,75.26156936198534,0.7256279648667541,inverse_frequency,Calotropis procera,Deverra triradiata Hochst. ex Boiss.,Deverra tortuosa (Desf.) DC.,15,16,20.761012164751687,19,stageA,Train
mobilenetv2_stageA,Train,75.51831375259157,72.78143084349689,78.13674213611985,74.86390011966311,0.7384119363669752,inverse_frequency,Calotropis procera,Anabasis setifera Moq.,Deverra tortuosa (Desf.) DC.,14,16,19.90317816734314,20,stageA,Train
mobilenetv2_stageB,Train,78.05229209859479,75.71142510359246,80.25264518808675,77.58945277269848,0.6579530015450595,inverse_frequency,Calotropis procera,Anabasis setifera Moq.,Deverra tortuosa (Desf.) DC.,15,16,17.00614465077718,21,stageB,Train
mobilenetv2_stageB,Train,80.95484911310758,78.75508507393204,82.90210763533354,80.4890302321926,0.5704278586977753,inverse_frequency,Calotropis procera,Deverra triradiata Hochst. ex Boiss.,Deverra tortuosa (Desf.) DC.,15,16,20.211790251731873,22,stageB,Train
mobilenetv2_stageB,Train,83.27574291637872,81.02510822673581,85.12055468117934,82.74458044816767,0.5063055412600274,inverse_frequency,Calotropis procera,Anabasis setifera Moq.,Deverra tortuosa (Desf.) DC.,15,16,20.720736634731292,23,stageB,Train
mobilenetv2_stageB,Train,83.87468325270675,81.67056902148974,85.71709904312067,83.36784144158005,0.4713160586757774,inverse_frequency,Rumex vesicarius L.,Salsola sp,Deverra tortuosa (Desf.) DC.,15,16,22.331932346026104,24,stageB,Train
mobilenetv2_stageB,Train,85.00345542501728,82.84550077528898,86.54455184016989,84.4161561677789,0.4369833241757108,inverse_frequency,Peganum harmala L.,Anabasis setifera Moq.,Deverra tortuosa (Desf.) DC.,16,16,21.686889763673147,25,stageB,Train
mobilenetv2_stageB,Train,85.75295133890009,83.96788560066322,87.62188443648368,85.55453139691342,0.4036997934429465,inverse_frequency,Peganum harmala L.,Salsola sp,Deverra tortuosa (Desf.) DC.,15,16,19.144848450024924,26,stageB,Train
mobilenetv2_stageB,Train,86.71465591707458,85.08508997002748,88.48864311766292,86.57917901991898,0.3811438716193369,inverse_frequency,Calotropis procera,Limonium pruinosum (L.) Chaz.,Deverra tortuosa (Desf.) DC.,15,16,19.956940432389576,27,stageB,Train
mobilenetv2_stageB,Train,87.30204434206738,85.48357243419035,88.74449104442944,86.92255193151239,0.3684011346507906,inverse_frequency,Peganum harmala L.,Salsola sp,Deverra tortuosa (Desf.) DC.,16,16,19.613672415415447,28,stageB,Train
mobilenetv2_stageB,Train,88.12553987906709,86.26391442947799,89.43531393868847,87.66812023308299,0.3495697161632128,inverse_frequency,Rumex vesicarius L.,Limonium pruinosum (L.) Chaz.,Deverra tortuosa (Desf.) DC.,16,16,19.41401516993841,29,stageB,Train
mobilenetv2_stageB,Train,88.77051540454939,87.23056424597495,90.04702589029924,88.49847832939999,0.3175343967644878,inverse_frequency,Calotropis procera,Zygophyllum arabicum (L.) Christenh. & Byng,Zilla spinosa (L.) Prantl,14,16,21.07606245279312,30,stageB,Train
mobilenetv2_stageB,Train,88.99510509645839,87.4987626352308,90.39407503304464,88.81023402800345,0.3130981892168961,inverse_frequency,Calotropis procera,Stachys aegyptiaca Pers.,Deverra tortuosa (Desf.) DC.,16,16,22.713717369238537,31,stageB,Train
mobilenetv2_stageB,Train,89.49550794747753,88.09921097433865,90.87509046603472,89.36519156352185,0.3026500021966781,inverse_frequency,Calotropis procera,Iphiona mucronata (Forssk.) Asch. & Schweinf.,Deverra tortuosa (Desf.) DC.,14,16,17.52322333653768,32,stageB,Train
mobilenetv2_stageB,Train,89.82953236581433,88.34838113544976,91.09504173972287,89.59483441798534,0.291119367741803,inverse_frequency,Peganum harmala L.,Limonium pruinosum (L.) Chaz.,Deverra tortuosa (Desf.) DC.,15,16,19.542448103427887,33,stageB,Train
mobilenetv2_stageB,Train,90.55517161944252,89.17577051333407,91.72181758221524,90.33681521760424,0.2694751923461316,inverse_frequency,Rumex vesicarius L.,Gymnocarpos decander Forssk.,Deverra tortuosa (Desf.) DC.,14,16,17.945901934305827,34,stageB,Train
mobilenetv2_stageB,Train,90.1347615756738,88.52893303493653,91.37300839782914,89.8202926530912,0.2785523783820329,inverse_frequency,Rumex vesicarius L.,Limonium pruinosum (L.) Chaz.,Deverra tortuosa (Desf.) DC.,16,16,19.742274085680645,35,stageB,Train
mobilenetv2_stageB,Train,90.65883436996084,89.48984408420189,91.95526105905044,90.61413372193526,0.262779608650157,inverse_frequency,Calotropis procera,Stachys aegyptiaca Pers.,Deverra tortuosa (Desf.) DC.,15,16,17.241613201300304,36,stageB,Train
mobilenetv2_stageB,Train,90.92375028795207,89.71470050688434,92.0956567653483,90.79627060176252,0.2515904899569945,inverse_frequency,Peganum harmala L.,Zygophyllum molle (Delile) Christenh. & Byng,Deverra tortuosa (Desf.) DC.,16,16,18.223910518487298,37,stageB,Train
mobilenetv2_stageB,Train,91.48813637410734,90.2538853235577,92.55370917834244,91.31685688898256,0.2489713508855297,inverse_frequency,Rumex vesicarius L.,Salsola sp,Deverra tortuosa (Desf.) DC.,14,16,20.72140076557795,38,stageB,Train
mobilenetv2_stageB,Train,91.59179912462568,90.47973918232697,92.85006072783874,91.57497037542932,0.2307256545946962,inverse_frequency,Calotropis procera,Limonium pruinosum (L.) Chaz.,Zilla spinosa (L.) Prantl,14,16,22.165614116191865,39,stageB,Train
mobilenetv2_stageC,Train,92.15042616908546,91.09030069694128,93.2985179351823,92.11039752711508,0.2165266425943973,inverse_frequency,Peganum harmala L.,Salsola sp,Deverra tortuosa (Desf.) DC.,16,16,19.644419316450755,40,stageC,Train
mobilenetv2_stageC,Train,92.44989633724948,91.33697853546283,93.444497715911,92.31739905687024,0.2154419992829143,inverse_frequency,Calotropis procera,Gymnocarpos decander Forssk.,Deverra tortuosa (Desf.) DC.,17,16,19.5501659989357,41,stageC,Train
mobilenetv2_stageC,Train,92.53052292098594,91.58659999739346,93.68276030448617,92.56011673522045,0.2057757424722334,inverse_frequency,Calotropis procera,Salsola sp,Deverra tortuosa (Desf.) DC.,15,16,19.3710443854332,42,stageC,Train
mobilenetv2_stageC,Train,93.04307763188206,92.11913014304724,94.0773840050387,93.03576625209924,0.190419612071626,inverse_frequency,Rumex vesicarius L.,Zygophyllum molle (Delile) Christenh. & Byng,Deverra tortuosa (Desf.) DC.,16,16,19.871481585502625,43,stageC,Train
mobilenetv2_stageC,Train,92.92213775627737,91.86532374490456,93.8812406991886,92.7999820811999,0.196453347740417,inverse_frequency,Peganum harmala L.,Salsola sp,Deverra tortuosa (Desf.) DC.,16,16,20.733850928147636,44,stageC,Train
mobilenetv2_stageC,Train,93.69384934346924,92.88172053819866,94.60182509489468,93.68592693808952,0.1747066600893111,inverse_frequency,Peganum harmala L.,Salsola sp,Zilla spinosa (L.) Prantl,16,16,23.084971765677135,45,stageC,Train
mobilenetv2_stageC,Train,93.60170467634184,92.76899133324127,94.65629813044816,93.66006935883335,0.1800385748326065,inverse_frequency,Rumex vesicarius L.,Lycium shawii Roem. & Schult.,Deverra tortuosa (Desf.) DC.,18,16,21.068745414415996,46,stageC,Train
mobilenetv2_stageC,Train,94.09122322045611,93.26120900167491,95.03052536422804,94.09181252090154,0.1633604417913499,inverse_frequency,Calotropis procera,Iphiona mucronata (Forssk.) Asch. & Schweinf.,Deverra tortuosa (Desf.) DC.,16,16,20.28896900018056,47,stageC,Train
mobilenetv2_stageC,Train,93.80327113568302,93.05027883469948,94.66267367385989,93.81339689147046,0.1692680211319257,inverse_frequency,Calotropis procera,Farsetia aegyptia Turra,Deverra tortuosa (Desf.) DC.,16,16,19.759568866093954,48,stageC,Train
mobilenetv2_stageC,Train,94.0624280119788,93.38039971977922,94.82120429583313,94.0669430298313,0.1626951477274257,inverse_frequency,Calotropis procera,Salsola sp,Deverra tortuosa (Desf.) DC.,16,16,20.613766503334045,49,stageC,Train
mobilenetv2_stageC,Train,94.0797051370652,93.35442384109363,94.9563335773841,94.11222440582688,0.1551351783459261,inverse_frequency,Peganum harmala L.,Deverra triradiata Hochst. ex Boiss.,Deverra tortuosa (Desf.) DC.,14,16,21.610051918029782,50,stageC,Train
mobilenetv2_stageC,Train,94.47707901405208,93.67496889900973,95.20473100369338,94.40326760910442,0.1543166649066474,inverse_frequency,Calotropis procera,Salsola sp,Deverra tortuosa (Desf.) DC.,17,16,18.989942280451455,51,stageC,Train
mobilenetv2_stageC,Train,94.70744068187054,93.78300458933612,95.57125061472348,94.62239174013824,0.1461707592288351,inverse_frequency,Calotropis procera,Deverra triradiata Hochst. ex Boiss.,Deverra tortuosa (Desf.) DC.,15,16,19.164722001552583,52,stageC,Train
mobilenetv2_stageC,Train,94.8341395991707,94.25381720615324,95.74583189868284,94.96323555423464,0.1431704852215493,inverse_frequency,Rumex vesicarius L.,Lycium shawii Roem. & Schult.,Deverra tortuosa (Desf.) DC.,15,16,18.931921382745102,53,stageC,Train
mobilenetv2_stageC,Train,94.98963372494816,94.45420682041316,95.87683398995188,95.13350179323452,0.1381716647941763,inverse_frequency,Calotropis procera,Stachys aegyptiaca Pers.,Zilla spinosa (L.) Prantl,18,16,20.151748514175416,54,stageC,Train
mobilenetv2_stageC,Train,94.81686247408432,93.98985551501076,95.4882628969206,94.70628888912486,0.1457247362552728,inverse_frequency,Peganum harmala L.,Cebatha pendula (J.R.Forst. & G.Forst.) Kuntze,Deverra tortuosa (Desf.) DC.,19,16,19.339817619323732,55,stageC,Train
mobilenetv2_stageC,Train,95.1048145588574,94.58178388388282,95.81871234086653,95.1693230927318,0.1338045360755456,inverse_frequency,Calotropis procera,Lycium shawii Roem. & Schult.,Deverra tortuosa (Desf.) DC.,19,16,19.925201952457428,56,stageC,Train
mobilenetv2_stageC,Train,95.16240497581202,94.39159978985992,96.02109370155196,95.16390586414737,0.1330258585006671,inverse_frequency,Rumex vesicarius L.,Gymnocarpos decander Forssk.,Iphiona mucronata (Forssk.) Asch. & Schweinf.,14,16,19.699975168704988,57,stageC,Train
mobilenetv2_stageC,Train,95.28910389311218,94.52300991112328,95.88175877216896,95.17133813399776,0.1352236178269674,inverse_frequency,Cenchrus divisus,Farsetia aegyptia Turra,Deverra tortuosa (Desf.) DC.,19,16,20.31765693028768,58,stageC,Train
mobilenetv2_stageC,Train,95.04146510020732,94.60450332452469,95.79349369246034,95.17453851610944,0.1323404484985886,inverse_frequency,Peganum harmala L.,Limonium pruinosum (L.) Chaz.,Deverra tortuosa (Desf.) DC.,17,16,22.079948381582895,59,stageC,Train
mobilenetv2_stageC,Train,95.3927666436305,94.94868307332436,96.12461662017829,95.51158830015324,0.1245430454827886,inverse_frequency,Calotropis procera,Lycium shawii Roem. & Schult.,Deverra tortuosa (Desf.) DC.,18,16,22.19851375023524,60,stageC,Train
mobilenetv2_stageC,Train,95.5885740612762,95.00584204476009,96.316732359121,95.63218402900009,0.121556331632525,inverse_frequency,Peganum harmala L.,Lycium shawii Roem. & Schult.,Deverra tortuosa (Desf.) DC.,19,16,21.46395813624064,61,stageC,Train
mobilenetv2_stageC,Train,95.5885740612762,95.0942223511855,96.4400322818764,95.73351714062125,0.1191616017104711,inverse_frequency,Peganum harmala L.,Gymnocarpos decander Forssk.,Deverra tortuosa (Desf.) DC.,16,16,20.67650276819865,62,stageC,Train
mobilenetv2_stageC,Train,95.66920064501268,95.13628178802648,96.28332792361292,95.68328197513095,0.1194181873177522,inverse_frequency,Rumex vesicarius L.,Salsola sp,Zilla spinosa (L.) Prantl,14,16,20.94981981913249,63,stageC,Train
mobilenetv2_stageC,Train,95.47339322736696,94.84385346095662,96.0937415031572,95.44109697287011,0.1231009468438813,inverse_frequency,Peganum harmala L.,Iphiona mucronata (Forssk.) Asch. & Schweinf.,Deverra tortuosa (Desf.) DC.,18,16,20.97304909626643,64,stageC,Train
mobilenetv2_stageC,Train,95.61736926975352,94.89040395680428,96.30418342345324,95.56481104047371,0.1161283252693877,inverse_frequency,Rumex vesicarius L.,Farsetia aegyptia Turra,Deverra tortuosa (Desf.) DC.,15,16,20.4830167333285,65,stageC,Train
mobilenetv2_stageD,Train,95.91108039622208,95.42846332930948,96.53076972958696,95.95971126493922,0.112820487556907,inverse_frequency,Calotropis procera,Lycium shawii Roem. & Schult.,Zilla spinosa (L.) Prantl,15,16,18.607716250419617,66,stageD,Train
mobilenetv2_stageD,Train,96.00898410504492,95.41489812074798,96.56030753302412,95.96634206845977,0.1150513982321401,inverse_frequency,Rumex vesicarius L.,Lycium shawii Roem. & Schult.,Zilla spinosa (L.) Prantl,16,16,18.955230565865836,67,stageD,Train
mobilenetv2_stageD,Train,95.72103202027182,94.96742610083209,96.25893389749194,95.58409950605488,0.1111217309921485,inverse_frequency,Calotropis procera,Farsetia aegyptia Turra,Deverra tortuosa (Desf.) DC.,17,16,31.395449531078334,68,stageD,Train
mobilenetv2_stageD,Train,96.26238193964524,95.83153973223313,96.90525218766903,96.34830133195462,0.1021446060697148,inverse_frequency,Calotropis procera,Ochradenus baccatus Delile,Deverra tortuosa (Desf.) DC.,18,16,19.07049814860026,69,stageD,Train
mobilenetv2_stageD,Train,95.9513936880903,95.31535877322888,96.63738159877124,95.94720460022924,0.1042123098358594,inverse_frequency,Rumex vesicarius L.,Salsola sp,Iphiona mucronata (Forssk.) Asch. & Schweinf.,17,16,17.799501419067383,70,stageD,Train
mobilenetv2_stageD,Train,96.147201105736,95.65161667143772,96.77940342703624,96.1942080892848,0.1008701275135381,inverse_frequency,Rumex vesicarius L.,Limonium pruinosum (L.) Chaz.,Haloxylon salicornicum (Moq.) Bunge ex Boiss.,15,16,18.642724251747133,71,stageD,Train
mobilenetv2_stageD,Train,96.48698456576824,95.95712483970796,97.07606734543896,96.49655736675297,0.0934396113404527,inverse_frequency,Peganum harmala L.,Salsola sp,Deverra tortuosa (Desf.) DC.,16,16,17.923782849311827,72,stageD,Train
mobilenetv2_stageD,Train,96.42939414881364,96.0252973187433,96.97591729419082,96.4849986017686,0.0954740629732972,inverse_frequency,Cenchrus divisus,Ochradenus baccatus Delile,Deverra tortuosa (Desf.) DC.,18,16,17.646934521198272,73,stageD,Train
mobilenetv2_stageD,Train,96.36028564846808,95.9489640998689,97.04461244591025,96.47330570544436,0.0969606010482559,inverse_frequency,Calotropis procera,Stachys aegyptiaca Pers.,Deverra tortuosa (Desf.) DC.,16,16,17.698691217104592,74,stageD,Train
mobilenetv2_stageD,Train,96.77493665054136,96.45719758741058,97.45973014222224,96.94304755713613,0.0883355444236306,inverse_frequency,Calotropis procera,Farsetia aegyptia Turra,Atriplex halimus L.,16,16,17.392902135849,75,stageD,Train
mobilenetv2_stageD,Train,96.40059894033632,96.02750962624732,96.97473578292104,96.4877613145303,0.0931135969524637,inverse_frequency,Calotropis procera,Zygophyllum molle (Delile) Christenh. & Byng,Deverra tortuosa (Desf.) DC.,17,16,17.58951961596807,76,stageD,Train
mobilenetv2_stageD,Train,96.62520156645934,96.53262202521262,97.28373387440216,96.89876303283054,0.0891136259897946,inverse_frequency,Peganum harmala L.,Farsetia aegyptia Turra,Zilla spinosa (L.) Prantl,18,16,17.65304358402888,77,stageD,Train
mobilenetv2_stageD,Train,96.71734623358672,96.41722156441476,97.22772912184745,96.81130598600993,0.0889732467441975,inverse_frequency,Rumex vesicarius L.,Cebatha pendula (J.R.Forst. & G.Forst.) Kuntze,Deverra tortuosa (Desf.) DC.,17,16,18.38425503174464,78,stageD,Train
mobilenetv2_stageD,Train,96.9649850264916,96.60370994535774,97.45721034894184,97.02017889824312,0.0795145513865887,inverse_frequency,Calotropis procera,Lycium shawii Roem. & Schult.,Zilla spinosa (L.) Prantl,17,16,18.40160199801127,79,stageD,Train
mobilenetv2_stageD,Train,97.02833448514168,96.67896675488689,97.51311013164778,97.0811748625066,0.0826632703843562,inverse_frequency,Rumex vesicarius L.,others,Deverra tortuosa (Desf.) DC.,19,16,19.055668052037557,80,stageD,Train
mobilenetv2_stageD,Train,97.04561161022806,96.64004678241702,97.55657517633796,97.08377647228494,0.0812162340073683,inverse_frequency,Calotropis procera,Ochradenus baccatus Delile,Deverra tortuosa (Desf.) DC.,19,16,18.92710449695587,81,stageD,Train
mobilenetv2_stageD,Train,97.02833448514168,96.76998561229776,97.56694129261868,97.15861115655538,0.0841244867746418,inverse_frequency,Calotropis procera,Lycium shawii Roem. & Schult.,Zilla spinosa (L.) Prantl,17,16,17.998362481594086,82,stageD,Train
mobilenetv2_stageD,Train,97.01681640175076,96.75024053358776,97.53652385732022,97.1341877640662,0.0799444825834428,inverse_frequency,Calotropis procera,Cebatha pendula (J.R.Forst. & G.Forst.) Kuntze,Atriplex halimus L.,17,16,17.787823247909547,83,stageD,Train
mobilenetv2_stageD,Train,97.25293711126469,96.9253476880243,97.652509775222,97.27836453581116,0.0763715501903842,inverse_frequency,Rumex vesicarius L.,Stachys aegyptiaca Pers.,Suaeda aegyptiaca (Hasselq.) Zohary,20,16,17.523018264770506,84,stageD,Train
mobilenetv2_stageD,Train,96.9477079014052,96.56435020457768,97.4292936859309,96.98197803894148,0.082429553371379,inverse_frequency,Rumex vesicarius L.,Lycium shawii Roem. & Schult.,Deverra tortuosa (Desf.) DC.,17,16,17.285481282075246,85,stageD,Train
mobilenetv2_stageD,Train,96.98226215157798,96.62428094965853,97.42998405565945,97.0146786754297,0.0832720683213549,inverse_frequency,Cenchrus divisus,Salsola sp,Deverra triradiata Hochst. ex Boiss.,18,16,20.361411436398825,86,stageD,Train
mobilenetv2_stageD,Train,97.32780465330568,96.94868193229942,97.7298587406722,97.32773634954772,0.0730535006043406,inverse_frequency,Peganum harmala L.,Lycium shawii Roem. & Schult.,Deverra tortuosa (Desf.) DC.,17,16,19.307746132214863,87,stageD,Train
mobilenetv2_stageD,Train,97.356599861783,97.07175852598333,97.83373820606906,97.4434163460602,0.0715940462096901,inverse_frequency,Peganum harmala L.,Capparis spinosa L.,Deverra tortuosa (Desf.) DC.,19,16,21.434866786003113,88,stageD,Train
mobilenetv2_stageD,Train,97.24141902787376,96.88239053442456,97.66337312808814,97.26354047119936,0.077177410579542,inverse_frequency,Zygophyllum molle (Delile) Christenh. & Byng,Stachys aegyptiaca Pers.,Zilla spinosa (L.) Prantl,18,16,20.115883247057596,89,stageD,Train
mobilenetv2_stageD,Train,97.3738769868694,96.93926234648322,97.78405842110396,97.35024564782798,0.0745352243905557,inverse_frequency,Calotropis procera,Farsetia aegyptia Turra,Deverra tortuosa (Desf.) DC.,17,16,18.62837356328964,90,stageD,Train
mobilenetv2_stageD,Train,97.38539507026032,97.0717733779627,97.86393326109616,97.45705348991751,0.0678020767587996,inverse_frequency,Calotropis procera,Capparis spinosa L.,Deverra tortuosa (Desf.) DC.,17,16,18.49621436595917,91,stageD,Train
mobilenetv2_stageD,Train,97.4487445289104,97.1952792441538,97.92719543877772,97.55291236535372,0.0687721777974471,inverse_frequency,Calotropis procera,Suaeda aegyptiaca (Hasselq.) Zohary,Anabasis articulata (Forssk.) Moq.,19,16,18.316300781567893,92,stageD,Train
mobilenetv2_stageD,Train,97.42570836212856,97.11671894774472,97.89599077340418,97.49581833338968,0.0709339369928402,inverse_frequency,Peganum harmala L.,Salsola sp,Zilla spinosa (L.) Prantl,18,16,19.010601365566252,93,stageD,Train
mobilenetv2_stageD,Train,97.66182907164249,97.46198333648891,98.0756649599342,97.76220842078628,0.0628918243958451,inverse_frequency,Peganum harmala L.,Gymnocarpos decander Forssk.,Haloxylon salicornicum (Moq.) Bunge ex Boiss.,18,16,18.69950774908066,94,stageD,Train
mobilenetv2_stageD,Train,97.48905782077864,97.22408703042012,97.85630779879024,97.53137163774304,0.0686015682455759,inverse_frequency,Calotropis procera,Farsetia aegyptia Turra,Zilla spinosa (L.) Prantl,17,16,19.186079748471577,95,stageD,Train
mobilenetv2_stageD,Train,97.51209398756048,97.29525830892916,97.78730570615774,97.5353320188399,0.0670721312327924,inverse_frequency,Rumex vesicarius L.,Anabasis setifera Moq.,Anabasis articulata (Forssk.) Moq.,16,16,18.22125986814499,96,stageD,Train
mobilenetv2_stageD,Train,97.51209398756048,97.33783729945274,97.91580479144388,97.62053081825194,0.0693823213171913,inverse_frequency,Peganum harmala L.,Tamarix nilotica (Ehrenb.) Bunge,Zilla spinosa (L.) Prantl,17,16,18.98899120489756,97,stageD,Train
mobilenetv2_stageE,Train,97.70790140520616,97.43729290999772,98.06233575199307,97.74178816067614,0.0699058124383064,combined,Peganum harmala L.,Zygophyllum coccineum,Zilla spinosa (L.) Prantl,16,16,20.25191719929377,98,stageE,Train
mobilenetv2_stageE,Train,97.78276894724718,97.82447410824096,98.2102244089108,98.0115495119896,0.0615745704472287,combined,Calotropis procera,Salsola sp,Atriplex halimus L.,16,16,23.05080537001292,99,stageE,Train
mobilenetv2_stageE,Train,97.75397373876989,97.64577717100428,98.03329661810903,97.8320073784054,0.0637355132819998,combined,Rumex vesicarius L.,Gymnocarpos decander Forssk.,Deverra tortuosa (Desf.) DC.,17,16,25.1997522632281,100,stageE,Train
mobilenetv2_stageE,Train,97.96705828150196,97.9547057837286,98.2214382177274,98.08471110951436,0.0586914772997073,combined,Calotropis procera,Limonium pruinosum (L.) Chaz.,Zilla spinosa (L.) Prantl,21,16,24.491041163603462,101,stageE,Train
mobilenetv2_stageE,Train,97.98433540658834,97.98312436665567,98.16613336525472,98.07164770821122,0.0573079688534565,combined,Rumex vesicarius L.,Ochradenus baccatus Delile,Zilla spinosa (L.) Prantl,17,16,23.416160464286804,102,stageE,Train
mobilenetv2_stageE,Train,97.89219073946096,97.9771648218046,98.16969434018829,98.0687227159196,0.061320966175452,combined,Calotropis procera,Limonium pruinosum (L.) Chaz.,Anabasis setifera Moq.,16,16,24.01290068626404,103,stageE,Train
mobilenetv2_stageE,Train,98.12255240727944,98.14690430826803,98.19377153598076,98.16652291597237,0.0556513071649761,combined,Calotropis procera,Heliotropium arborescens L,Deverra tortuosa (Desf.) DC.,18,16,24.351327153046928,104,stageE,Train
mobilenetv2_stageE,Train,98.04768486523842,98.12337826293918,98.2618041254965,98.18852199357454,0.0568633819396417,combined,Calotropis procera,Iphiona mucronata (Forssk.) Asch. & Schweinf.,Zilla spinosa (L.) Prantl,18,16,23.594000868002578,105,stageE,Train
mobilenetv2_stageE,Train,98.09375719880212,98.00719439235571,98.27553379122897,98.13543178839092,0.0514862421995653,combined,Peganum harmala L.,others,Zilla spinosa (L.) Prantl,19,16,24.20963424841563,106,stageE,Train
mobilenetv2_stageE,Train,98.11679336558396,98.24532060456974,98.25548951806476,98.24777610767988,0.0556857062705868,combined,Calotropis procera,Cebatha pendula (J.R.Forst. & G.Forst.) Kuntze,Zilla spinosa (L.) Prantl,18,16,24.346657447020213,107,stageE,Train
mobilenetv2_stageE,Train,98.12831144897488,98.20503208369058,98.436083087757,98.3144888369044,0.0521477022953074,combined,Peganum harmala L.,Tamarix nilotica (Ehrenb.) Bunge,Atriplex halimus L.,20,16,26.06485270261765,108,stageE,Train
mobilenetv2_stageE,Train,98.04768486523842,97.97243157547211,98.19156423940278,98.07721723483228,0.0548110176589057,new_combined,Calotropis procera,Iphiona mucronata (Forssk.) Asch. & Schweinf.,Zilla spinosa (L.) Prantl,19,16,20.64368478457133,109,stageE,Train
mobilenetv2_stageE,Train,98.28380557475236,98.4401528779943,98.47097589754117,98.45119399171912,0.047459186990591,new_combined,Cenchrus divisus,Salsola sp,Zilla spinosa (L.) Prantl,17,16,21.793804649511973,110,stageE,Train
mobilenetv2_stageE,Train,98.00161253167472,98.28392806065312,98.01030372794357,98.14130713695052,0.0516152683712806,new_combined,Peganum harmala L.,Deverra triradiata Hochst. ex Boiss.,Anabasis articulata (Forssk.) Moq.,17,16,22.14742753505707,111,stageE,Train
mobilenetv2_stageE,Train,98.22621515779774,98.34488613104422,98.31127368120572,98.3203492283226,0.0450030568207598,new_combined,Cenchrus divisus,Tamarix nilotica (Ehrenb.) Bunge,Zilla spinosa (L.) Prantl,20,16,22.371588484446207,112,stageE,Train
mobilenetv2_stageE,Train,98.11679336558396,98.3457610491888,98.20192017745636,98.26721354971906,0.0487908401302899,new_combined,Calotropis procera,Gymnocarpos decander Forssk.,Zilla spinosa (L.) Prantl,18,16,22.640992200374605,113,stageE,Train
mobilenetv2_stageE,Train,98.1110343238885,98.22535303870852,98.0961829776104,98.15332558057594,0.0495378580497505,new_combined,Peganum harmala L.,Deverra triradiata Hochst. ex Boiss.,Iphiona mucronata (Forssk.) Asch. & Schweinf.,17,16,22.73178379933039,114,stageE,Train
mobilenetv2_stageE,Train,98.23773324118866,98.46760010904435,98.373275067715,98.4131646459096,0.0421222507653279,new_combined,Cenchrus divisus,Tamarix nilotica (Ehrenb.) Bunge,Zilla spinosa (L.) Prantl,18,16,22.900407127539317,115,stageE,Train
mobilenetv2_stageE,Train,98.22045611610228,98.49080694965777,98.34586830866805,98.41061232587418,0.0447679544644881,new_combined,Calotropis procera,others,Atriplex halimus L.,18,16,20.2705193678538,116,stageE,Train
mobilenetv2_stageE,Train,98.46233586731168,98.66712160943408,98.55450106987328,98.60536826972064,0.0407970134074208,new_combined,Zygophyllum molle (Delile) Christenh. & Byng,Tamarix nilotica (Ehrenb.) Bunge,Anabasis articulata (Forssk.) Moq.,19,16,22.040176781018577,117,stageE,Train
mobilenetv2_stageE,Train,98.3068417415342,98.4829774744043,98.32932873118276,98.39765562705408,0.0409204916813939,new_combined,Rumex vesicarius L.,Deverra triradiata Hochst. ex Boiss.,Zilla spinosa (L.) Prantl,19,16,22.107018649578094,118,stageE,Train
mobilenetv2_stageE,Train,98.41050449205252,98.44935388124397,98.30937599349558,98.3742676031768,0.0390570309152698,new_combined,Diplotaxis harra (Forssk.) Boiss.,Nitraria retusa (Forssk.) Asch.,Deverra triradiata Hochst. ex Boiss.,17,16,21.101593852043152,119,stageE,Train
mobilenetv2_stageE,Train,98.42202257544344,98.57902449642415,98.47730428928784,98.5220839051779,0.0389642719640122,new_combined,Peganum harmala L.,Capparis spinosa L.,Trichodesma africanum (L.) Sm.,20,16,24.37505702972412,120,stageE,Train
mobilenetv2_stageE,Train,98.41050449205252,98.56423475093386,98.36809208601434,98.46082173320832,0.0377811683988469,new_combined,Calotropis procera,Stachys aegyptiaca Pers.,Zilla spinosa (L.) Prantl,19,16,22.72388060092926,121,stageE,Train
mobilenetv2_stageE,Train,98.34139599170696,98.5710581797666,98.31575993355116,98.43551609113057,0.0375580850604434,new_combined,Zygophyllum molle (Delile) Christenh. & Byng,Ochradenus baccatus Delile,Anabasis setifera Moq.,15,16,23.99485876560211,122,stageE,Train
mobilenetv2_stageE,Train,98.46233586731168,98.72781316110496,98.47373296824033,98.59415315490612,0.0352170858653322,new_combined,Peganum harmala L.,Limonium pruinosum (L.) Chaz.,Anabasis articulata (Forssk.) Moq.,18,16,23.02787653207779,123,stageE,Train
mobilenetv2_stageE,Train,98.4450587422253,98.6596277834107,98.49098030064822,98.56971859768204,0.0357877523897723,new_combined,Iphiona mucronata (Forssk.) Asch. & Schweinf.,Ochradenus baccatus Delile,Suaeda aegyptiaca (Hasselq.) Zohary,19,16,22.194594279925028,124,stageE,Train
mobilenetv2_stageE,Train,98.3701912001843,98.53393555001864,98.3785118510874,98.4472592595205,0.0381155727860714,new_combined,Calotropis procera,Deverra triradiata Hochst. ex Boiss.,Suaeda aegyptiaca (Hasselq.) Zohary,19,16,22.35838078260422,125,stageE,Train
mobilenetv2_stageE,Train,98.3701912001843,98.63070327156582,98.30742663945908,98.46035741967808,0.039517358248808,new_combined,Calotropis procera,Limonium pruinosum (L.) Chaz.,Anabasis setifera Moq.,17,16,22.217102098464967,126,stageE,Train
mobilenetv2_stageE,Train,98.42202257544344,98.61527062589862,98.37371236275412,98.48685168074849,0.0364083383772839,new_combined,Calotropis procera,Gymnocarpos decander Forssk.,Anabasis articulata (Forssk.) Moq.,17,16,22.209155428409577,127,stageE,Train
mobilenetv2_stageE,Train,98.51416724257084,98.69328504898928,98.5401477591098,98.61097117158307,0.0345278396379437,new_combined,Rumex vesicarius L.,Peganum harmala L.,Atriplex halimus L.,19,16,29.06556771596273,128,stageE,Train
mobilenetv2_stageE,Train,98.49689011748444,98.72633264932674,98.54712662783729,98.62947328923126,0.0367891261855553,new_combined,Cenchrus divisus,Deverra triradiata Hochst. ex Boiss.,Atriplex halimus L.,17,16,29.463329847653707,129,stageE,Train
mobilenetv2_stageE,Train,98.5947938263073,98.78446578987688,98.67200119888768,98.7215884986058,0.0328414950552602,new_combined,Calotropis procera,Echinops glaberrimus DC.,Suaeda aegyptiaca (Hasselq.) Zohary,20,16,30.479467113812763,130,stageE,Train
